kernel,shape_str,config_str,median_latency_s,p95_latency_s,total_energy_j,energy_per_call_j,mean_watts
vector_add,5242880,"BLOCK_SIZE: 256, num_warps: 2, num_ctas: 1, num_stages: 3, maxnreg: None",0.00028637550008170365,0.0003063951000285669,0.9202038139601554,0.006134692093067703,28.226
vector_add,5242880,"BLOCK_SIZE: 256, num_warps: 4, num_ctas: 1, num_stages: 3, maxnreg: None",0.00027562099967326503,0.0002955899498829239,0.8847374307792815,0.005898249538528543,29.411999999999995
vector_add,5242880,"BLOCK_SIZE: 256, num_warps: 8, num_ctas: 1, num_stages: 3, maxnreg: None",0.0002746884999851318,0.0002968916999407156,1.0389515721849347,0.006926343814566232,36.172
vector_add,5242880,"BLOCK_SIZE: 256, num_warps: 16, num_ctas: 1, num_stages: 3, maxnreg: None",0.00035526449983080965,0.0003987963497365854,1.9665220552203044,0.01311014703480203,36.074
vector_add,5242880,"BLOCK_SIZE: 512, num_warps: 2, num_ctas: 1, num_stages: 3, maxnreg: None",0.0002919999999448919,0.0003239331001168464,1.5364480810977383,0.010242987207318255,46.846
vector_add,5242880,"BLOCK_SIZE: 512, num_warps: 4, num_ctas: 1, num_stages: 3, maxnreg: None",0.00028603750001821027,0.00032273165029437215,1.459478898103657,0.009729859320691047,47.605
vector_add,5242880,"BLOCK_SIZE: 512, num_warps: 8, num_ctas: 1, num_stages: 3, maxnreg: None",0.00027709450000656943,0.0003119854002761713,0.9298830210799579,0.006199220140533052,30.779
vector_add,5242880,"BLOCK_SIZE: 512, num_warps: 16, num_ctas: 1, num_stages: 3, maxnreg: None",0.00029377850023593055,0.00031917830019665414,1.4345479660922957,0.009563653107281972,30.285
vector_add,5242880,"BLOCK_SIZE: 1024, num_warps: 2, num_ctas: 1, num_stages: 3, maxnreg: None",0.00029135149998182897,0.0003123129499954302,1.0733357443282179,0.007155571628854786,31.749
vector_add,5242880,"BLOCK_SIZE: 1024, num_warps: 4, num_ctas: 1, num_stages: 3, maxnreg: None",0.0002915460001986503,0.00031277844987016563,1.6959199052568072,0.011306132701712048,41.059
vector_add,5242880,"BLOCK_SIZE: 1024, num_warps: 8, num_ctas: 1, num_stages: 3, maxnreg: None",0.00028056950009158754,0.0002982283998335333,1.4317454630923003,0.00954496975394867,45.11366666666666
vector_add,5242880,"BLOCK_SIZE: 1024, num_warps: 16, num_ctas: 1, num_stages: 3, maxnreg: None",0.00026950250025947753,0.0002899202001799495,1.4498849752172167,0.009665899834781444,46.663000000000004
vector_add,5242880,"BLOCK_SIZE: 2048, num_warps: 2, num_ctas: 1, num_stages: 3, maxnreg: None",0.0002919805001511122,0.0003103442999872641,1.079885838606792,0.00719923892404528,34.021
vector_add,5242880,"BLOCK_SIZE: 2048, num_warps: 4, num_ctas: 1, num_stages: 3, maxnreg: None",0.00029234600015115575,0.0003151159000026382,0.95157261662696,0.006343817444179734,29.017
vector_add,5242880,"BLOCK_SIZE: 2048, num_warps: 8, num_ctas: 1, num_stages: 3, maxnreg: None",0.00029262149996611697,0.0003086661498628018,1.212270131730063,0.00808180087820042,31.965
vector_add,5242880,"BLOCK_SIZE: 2048, num_warps: 16, num_ctas: 1, num_stages: 3, maxnreg: None",0.00028577649982253206,0.0003375095500132373,1.0165173078055196,0.006776782052036798,33.033
vector_add,10485760,"BLOCK_SIZE: 256, num_warps: 2, num_ctas: 1, num_stages: 3, maxnreg: None",0.0005390430001170898,0.0005606531001149051,3.439274178665219,0.02292849452443479,44.849
vector_add,10485760,"BLOCK_SIZE: 256, num_warps: 4, num_ctas: 1, num_stages: 3, maxnreg: None",0.0005386504999478348,0.0005910688498943273,3.613339446741121,0.024088929644940804,43.103
vector_add,10485760,"BLOCK_SIZE: 256, num_warps: 8, num_ctas: 1, num_stages: 3, maxnreg: None",0.0005280515001686581,0.0005764776000432903,4.122684616914789,0.027484564112765262,51.972
vector_add,10485760,"BLOCK_SIZE: 256, num_warps: 16, num_ctas: 1, num_stages: 3, maxnreg: None",0.0005327655001110543,0.0005659983000668945,4.553603894738787,0.030357359298258578,61.553999999999995
vector_add,10485760,"BLOCK_SIZE: 512, num_warps: 2, num_ctas: 1, num_stages: 3, maxnreg: None",0.0005624215000352706,0.0005866161001449654,5.047205105628269,0.03364803403752179,64.34183333333333
vector_add,10485760,"BLOCK_SIZE: 512, num_warps: 4, num_ctas: 1, num_stages: 3, maxnreg: None",0.0005533190001187904,0.0005738652001127775,5.2986620409447065,0.035324413606298045,70.8048
vector_add,10485760,"BLOCK_SIZE: 512, num_warps: 8, num_ctas: 1, num_stages: 3, maxnreg: None",0.0005352295002012397,0.0005678433998355104,5.726342872417718,0.03817561914945145,70.12116666666667
vector_add,10485760,"BLOCK_SIZE: 512, num_warps: 16, num_ctas: 1, num_stages: 3, maxnreg: None",0.0005229885000517243,0.0005441645999098909,5.302786401513482,0.035351909343423214,71.17816666666666
vector_add,10485760,"BLOCK_SIZE: 1024, num_warps: 2, num_ctas: 1, num_stages: 3, maxnreg: None",0.000565080500109616,0.0006004191500096566,5.232029707769895,0.0348801980517993,71.012
vector_add,10485760,"BLOCK_SIZE: 1024, num_warps: 4, num_ctas: 1, num_stages: 3, maxnreg: None",0.0005624855002679396,0.0005827985000905755,6.1164475780394545,0.04077631718692969,71.17633333333335
vector_add,10485760,"BLOCK_SIZE: 1024, num_warps: 8, num_ctas: 1, num_stages: 3, maxnreg: None",0.0005501304999597778,0.0005725785499407721,5.617046754346451,0.037446978362309674,69.67649999999999
vector_add,10485760,"BLOCK_SIZE: 1024, num_warps: 16, num_ctas: 1, num_stages: 3, maxnreg: None",0.0005419194999376487,0.0005813966997720854,5.130160036887599,0.03420106691258399,65.142
vector_add,10485760,"BLOCK_SIZE: 2048, num_warps: 2, num_ctas: 1, num_stages: 3, maxnreg: None",0.0005644630000460893,0.0005968643001779128,5.374103328349458,0.03582735552232972,69.7944
vector_add,10485760,"BLOCK_SIZE: 2048, num_warps: 4, num_ctas: 1, num_stages: 3, maxnreg: None",0.0005631895000988152,0.0005821894000519023,4.611129599739989,0.030740863998266595,67.58740000000002
vector_add,10485760,"BLOCK_SIZE: 2048, num_warps: 8, num_ctas: 1, num_stages: 3, maxnreg: None",0.0005607410000720847,0.0005962620500440608,5.43482471699095,0.036232164779939666,65.42716666666668
vector_add,10485760,"BLOCK_SIZE: 2048, num_warps: 16, num_ctas: 1, num_stages: 3, maxnreg: None",0.0005508289998488181,0.0005739455498314783,4.023691548167653,0.026824610321117687,48.885
vector_add,20971520,"BLOCK_SIZE: 256, num_warps: 2, num_ctas: 1, num_stages: 3, maxnreg: None",0.001073867000059181,0.00110811804986497,8.925858225441754,0.05950572150294502,58.16154545454546
vector_add,20971520,"BLOCK_SIZE: 256, num_warps: 4, num_ctas: 1, num_stages: 3, maxnreg: None",0.0010374375001447333,0.0010568206000016289,9.399809196240092,0.06266539464160062,63.7008
vector_add,20971520,"BLOCK_SIZE: 256, num_warps: 8, num_ctas: 1, num_stages: 3, maxnreg: None",0.0010255914999106608,0.0010616973001333462,10.848227925214099,0.07232151950142733,69.4752
vector_add,20971520,"BLOCK_SIZE: 256, num_warps: 16, num_ctas: 1, num_stages: 3, maxnreg: None",0.0010319189998426737,0.0010666713499404069,10.6668269695807,0.07111217979720467,72.11363636363637
vector_add,20971520,"BLOCK_SIZE: 512, num_warps: 2, num_ctas: 1, num_stages: 3, maxnreg: None",0.001089137999997547,0.0011109076999446187,11.054537548922521,0.07369691699281682,70.201
vector_add,20971520,"BLOCK_SIZE: 512, num_warps: 4, num_ctas: 1, num_stages: 3, maxnreg: None",0.0010721440000907023,0.0010971051501428518,10.782873964094271,0.07188582642729514,69.6786
vector_add,20971520,"BLOCK_SIZE: 512, num_warps: 8, num_ctas: 1, num_stages: 3, maxnreg: None",0.0010360219998801767,0.0010855754001795504,10.596222462803151,0.07064148308535434,68.55072727272729
vector_add,20971520,"BLOCK_SIZE: 512, num_warps: 16, num_ctas: 1, num_stages: 3, maxnreg: None",0.0010150820000944805,0.0010473683999407512,7.500809745405102,0.050005398302700683,54.556200000000004
vector_add,20971520,"BLOCK_SIZE: 1024, num_warps: 2, num_ctas: 1, num_stages: 3, maxnreg: None",0.0010959530000036466,0.001146786649906062,12.073670654376189,0.08049113769584126,70.7988
vector_add,20971520,"BLOCK_SIZE: 1024, num_warps: 4, num_ctas: 1, num_stages: 3, maxnreg: None",0.0010899334999976418,0.0011174710999739543,10.848052822374559,0.07232035214916373,68.4981111111111
vector_add,20971520,"BLOCK_SIZE: 1024, num_warps: 8, num_ctas: 1, num_stages: 3, maxnreg: None",0.0010715405001064937,0.0010996302498824662,10.549545527170407,0.07033030351446938,68.44127272727273
vector_add,20971520,"BLOCK_SIZE: 1024, num_warps: 16, num_ctas: 1, num_stages: 3, maxnreg: None",0.001032616499969663,0.001076743950011405,10.66253955005433,0.0710835970003622,69.56527272727273
vector_add,20971520,"BLOCK_SIZE: 2048, num_warps: 2, num_ctas: 1, num_stages: 3, maxnreg: None",0.0010953754999718512,0.0011169289000235948,10.927754949819716,0.07285169966546477,71.3041
vector_add,20971520,"BLOCK_SIZE: 2048, num_warps: 4, num_ctas: 1, num_stages: 3, maxnreg: None",0.0010990010000568873,0.0011419024001270372,11.728386097853349,0.07818924065235566,70.40255555555557
vector_add,20971520,"BLOCK_SIZE: 2048, num_warps: 8, num_ctas: 1, num_stages: 3, maxnreg: None",0.0010915499999555323,0.0011274468999090458,11.421296173438186,0.07614197448958791,71.5976
vector_add,20971520,"BLOCK_SIZE: 2048, num_warps: 16, num_ctas: 1, num_stages: 3, maxnreg: None",0.0010668889999578823,0.0010990632500124775,10.896930315918643,0.07264620210612428,69.9819090909091
softmax,"(2048, 2048)","num_warps: 2, num_ctas: 1, num_stages: 3, maxnreg: None",0.00017935999971996353,0.00021832279983300396,1.0547818217926461,0.007031878811950974,36.666
softmax,"(2048, 2048)","num_warps: 4, num_ctas: 1, num_stages: 3, maxnreg: None",0.00017183600016323908,0.00019347904994901905,0.5416110217635578,0.0036107401450903853,38.814
softmax,"(2048, 2048)","num_warps: 8, num_ctas: 1, num_stages: 3, maxnreg: None",0.0001743100001476705,0.00019460875005279375,1.1431731732151844,0.007621154488101229,66.141
softmax,"(2048, 2048)","num_warps: 16, num_ctas: 1, num_stages: 3, maxnreg: None",0.00020031150006616372,0.00024229390021446296,1.6218002929503816,0.010812001953002545,49.169000000000004
softmax,"(2048, 2048)","num_warps: 32, num_ctas: 1, num_stages: 3, maxnreg: None",0.00018322499977330153,0.00022976075017595572,0.5923219104812933,0.003948812736541955,37.751
softmax,"(4096, 4096)","num_warps: 2, num_ctas: 1, num_stages: 3, maxnreg: None",0.0006584120001207339,0.0007475005502101333,7.927801926715565,0.05285201284477044,70.24071428571429
softmax,"(4096, 4096)","num_warps: 4, num_ctas: 1, num_stages: 3, maxnreg: None",0.0006378825000865618,0.0006978409000112147,7.692637308698327,0.051284248724655514,68.89625
softmax,"(4096, 4096)","num_warps: 8, num_ctas: 1, num_stages: 3, maxnreg: None",0.0006300664999798755,0.0006675751498505632,6.975441501252635,0.046502943341684234,58.031000000000006
softmax,"(4096, 4096)","num_warps: 16, num_ctas: 1, num_stages: 3, maxnreg: None",0.0006280289999267552,0.0006719094501249856,6.434784808393592,0.04289856538929061,68.892
softmax,"(4096, 4096)","num_warps: 32, num_ctas: 1, num_stages: 3, maxnreg: None",0.0005938524998327921,0.0006568841499301922,7.191764429335774,0.04794509619557183,61.61357142857143
softmax,"(8192, 8192)","num_warps: 2, num_ctas: 1, num_stages: 3, maxnreg: None",0.002443737500016141,0.007275594650059247,28.976260981063483,0.19317507320708988,64.85686956521742
softmax,"(8192, 8192)","num_warps: 4, num_ctas: 1, num_stages: 3, maxnreg: None",0.0024184355002034863,0.0068860947000075595,29.45340339675347,0.19635602264502314,65.89634782608695
softmax,"(8192, 8192)","num_warps: 8, num_ctas: 1, num_stages: 3, maxnreg: None",0.0024255299999822455,0.006697910199864053,29.809786885180987,0.19873191256787326,66.42847826086957
softmax,"(8192, 8192)","num_warps: 16, num_ctas: 1, num_stages: 3, maxnreg: None",0.0023620389999905456,0.0024583888498455053,25.20841857793971,0.1680561238529314,69.40414285714286
softmax,"(8192, 8192)","num_warps: 32, num_ctas: 1, num_stages: 3, maxnreg: None",0.002319452499932595,0.0023640251499728038,24.03172974951581,0.16021153166343874,69.16190476190476
rmsnorm,"(2048, 2048)","num_warps: 2, num_ctas: 1, num_stages: 3, maxnreg: None",0.000183237999863195,0.00020537094999326655,0.844383233515784,0.005629221556771894,46.759
rmsnorm,"(2048, 2048)","num_warps: 4, num_ctas: 1, num_stages: 3, maxnreg: None",0.00017371549984090962,0.00019267940010649908,0.5279239531579832,0.0035194930210532215,37.434
rmsnorm,"(2048, 2048)","num_warps: 8, num_ctas: 1, num_stages: 3, maxnreg: None",0.00017947900005310657,0.00021942259998013468,0.6042253637131353,0.004028169091420902,37.85
rmsnorm,"(2048, 2048)","num_warps: 16, num_ctas: 1, num_stages: 3, maxnreg: None",0.000172091000194996,0.00020533419972252885,1.0413552074270047,0.006942368049513365,37.949
rmsnorm,"(2048, 2048)","num_warps: 32, num_ctas: 1, num_stages: 3, maxnreg: None",0.0001664309997977398,0.0001904447999777403,1.4607395529886236,0.009738263686590825,52.964666666666666
rmsnorm,"(4096, 4096)","num_warps: 2, num_ctas: 1, num_stages: 3, maxnreg: None",0.0006268205002015748,0.0006535644999530631,5.337197995295291,0.035581319968635276,62.91966666666667
rmsnorm,"(4096, 4096)","num_warps: 4, num_ctas: 1, num_stages: 3, maxnreg: None",0.0006366084999172017,0.0006857182999283395,5.952010080513368,0.03968006720342245,70.11366666666667
rmsnorm,"(4096, 4096)","num_warps: 8, num_ctas: 1, num_stages: 3, maxnreg: None",0.0006260765001115942,0.0006766929999230341,5.700489754922864,0.038003265032819096,67.33983333333335
rmsnorm,"(4096, 4096)","num_warps: 16, num_ctas: 1, num_stages: 3, maxnreg: None",0.0006124904998614511,0.0006542492499647778,4.125522356357764,0.027503482375718424,46.238499999999995
rmsnorm,"(4096, 4096)","num_warps: 32, num_ctas: 1, num_stages: 3, maxnreg: None",0.0005908440000439441,0.0006219173000999945,4.396681945951519,0.029311212973010127,57.105
rmsnorm,"(8192, 8192)","num_warps: 2, num_ctas: 1, num_stages: 3, maxnreg: None",0.0025793469999371155,0.0026240779999170626,24.56743133718368,0.16378287558122454,62.851576923076934
rmsnorm,"(8192, 8192)","num_warps: 4, num_ctas: 1, num_stages: 3, maxnreg: None",0.0023805189998711285,0.002411554599916599,22.757762809845865,0.15171841873230577,64.74686363636364
rmsnorm,"(8192, 8192)","num_warps: 8, num_ctas: 1, num_stages: 3, maxnreg: None",0.002383986500035462,0.002428707800186203,21.850061150044006,0.14566707433362672,63.418545454545466
rmsnorm,"(8192, 8192)","num_warps: 16, num_ctas: 1, num_stages: 3, maxnreg: None",0.002347571499967671,0.0023878146499100696,21.17716101363912,0.1411810734242608,62.88836363636364
rmsnorm,"(8192, 8192)","num_warps: 32, num_ctas: 1, num_stages: 3, maxnreg: None",0.0023237899997639033,0.0023605960000622874,21.77805420332051,0.14518702802213673,64.19795238095239
matmul,"(1024, 1024, 1024)","BLOCK_SIZE_M: 32, BLOCK_SIZE_N: 32, BLOCK_SIZE_K: 32, GROUP_SIZE_M: 8, num_warps: 2, num_ctas: 1, num_stages: 2, maxnreg: None",0.0009070989999599988,0.0009346985499178117,8.290305688536582,0.05526870459024388,67.51855555555555
matmul,"(1024, 1024, 1024)","BLOCK_SIZE_M: 32, BLOCK_SIZE_N: 32, BLOCK_SIZE_K: 32, GROUP_SIZE_M: 8, num_warps: 2, num_ctas: 1, num_stages: 3, maxnreg: None",0.0009102699998493335,0.00094547120002062,7.820330330950999,0.05213553553967333,57.928399999999996
matmul,"(1024, 1024, 1024)","BLOCK_SIZE_M: 32, BLOCK_SIZE_N: 32, BLOCK_SIZE_K: 32, GROUP_SIZE_M: 8, num_warps: 2, num_ctas: 1, num_stages: 4, maxnreg: None",0.0009109309999075776,0.0009494061501754914,7.864121632034712,0.052427477546898076,57.91459999999999
matmul,"(1024, 1024, 1024)","BLOCK_SIZE_M: 32, BLOCK_SIZE_N: 32, BLOCK_SIZE_K: 32, GROUP_SIZE_M: 8, num_warps: 4, num_ctas: 1, num_stages: 2, maxnreg: None",0.0009178070001780725,0.0009651462998135685,6.779754022704975,0.0451983601513665,52.522499999999994
matmul,"(1024, 1024, 1024)","BLOCK_SIZE_M: 32, BLOCK_SIZE_N: 32, BLOCK_SIZE_K: 32, GROUP_SIZE_M: 8, num_warps: 4, num_ctas: 1, num_stages: 3, maxnreg: None",0.0009224350001204584,0.0009728995502428006,6.946933535975894,0.0463128902398393,58.541000000000004
matmul,"(1024, 1024, 1024)","BLOCK_SIZE_M: 32, BLOCK_SIZE_N: 32, BLOCK_SIZE_K: 32, GROUP_SIZE_M: 8, num_warps: 4, num_ctas: 1, num_stages: 4, maxnreg: None",0.0009325814999101567,0.0009893680500908885,10.658125929503278,0.07105417286335519,79.8168888888889
matmul,"(1024, 1024, 1024)","BLOCK_SIZE_M: 32, BLOCK_SIZE_N: 32, BLOCK_SIZE_K: 32, GROUP_SIZE_M: 8, num_warps: 8, num_ctas: 1, num_stages: 2, maxnreg: None",0.0011377900000297814,0.0011799845001405629,11.568436502303713,0.07712291001535809,69.98107692307691
matmul,"(1024, 1024, 1024)","BLOCK_SIZE_M: 32, BLOCK_SIZE_N: 32, BLOCK_SIZE_K: 32, GROUP_SIZE_M: 8, num_warps: 8, num_ctas: 1, num_stages: 3, maxnreg: None",0.0011222465000173543,0.0012170685499313548,12.716889603986319,0.08477926402657546,73.03927272727275
matmul,"(1024, 1024, 1024)","BLOCK_SIZE_M: 32, BLOCK_SIZE_N: 32, BLOCK_SIZE_K: 32, GROUP_SIZE_M: 8, num_warps: 8, num_ctas: 1, num_stages: 4, maxnreg: None",0.0011342560001139645,0.001192925550117252,11.959821468972244,0.07973214312648162,69.90083333333334
matmul,"(1024, 1024, 1024)","BLOCK_SIZE_M: 64, BLOCK_SIZE_N: 64, BLOCK_SIZE_K: 32, GROUP_SIZE_M: 8, num_warps: 2, num_ctas: 1, num_stages: 2, maxnreg: None",0.022785933000250225,0.024349916700225537,237.12599884442415,1.580839992296161,68.4815027932961
matmul,"(1024, 1024, 1024)","BLOCK_SIZE_M: 64, BLOCK_SIZE_N: 64, BLOCK_SIZE_K: 32, GROUP_SIZE_M: 8, num_warps: 2, num_ctas: 1, num_stages: 3, maxnreg: None",0.022764867999967464,0.022819581850330905,234.38278609901187,1.5625519073267458,68.57530000000001
matmul,"(1024, 1024, 1024)","BLOCK_SIZE_M: 64, BLOCK_SIZE_N: 64, BLOCK_SIZE_K: 32, GROUP_SIZE_M: 8, num_warps: 2, num_ctas: 1, num_stages: 4, maxnreg: None",0.022748313499960204,0.02279662909986655,233.34174028622516,1.5556116019081678,68.39074468085106
matmul,"(1024, 1024, 1024)","BLOCK_SIZE_M: 64, BLOCK_SIZE_N: 64, BLOCK_SIZE_K: 32, GROUP_SIZE_M: 8, num_warps: 4, num_ctas: 1, num_stages: 2, maxnreg: None",0.0019304709999232728,0.004354093500000999,21.37815330006875,0.14252102200045833,64.38959999999999
matmul,"(1024, 1024, 1024)","BLOCK_SIZE_M: 64, BLOCK_SIZE_N: 64, BLOCK_SIZE_K: 32, GROUP_SIZE_M: 8, num_warps: 4, num_ctas: 1, num_stages: 3, maxnreg: None",0.0019489585001792875,0.003509962549969709,20.625936666789897,0.137506244445266,65.65073684210525
matmul,"(1024, 1024, 1024)","BLOCK_SIZE_M: 64, BLOCK_SIZE_N: 64, BLOCK_SIZE_K: 32, GROUP_SIZE_M: 8, num_warps: 4, num_ctas: 1, num_stages: 4, maxnreg: None",0.0019384940001145878,0.0059119378500099564,22.876666220015217,0.15251110813343477,61.81200000000001
matmul,"(1024, 1024, 1024)","BLOCK_SIZE_M: 64, BLOCK_SIZE_N: 64, BLOCK_SIZE_K: 32, GROUP_SIZE_M: 8, num_warps: 8, num_ctas: 1, num_stages: 2, maxnreg: None",0.0007185990000380116,0.0008824576500728653,5.419974604802771,0.036133164032018474,46.68728571428572
matmul,"(1024, 1024, 1024)","BLOCK_SIZE_M: 64, BLOCK_SIZE_N: 64, BLOCK_SIZE_K: 32, GROUP_SIZE_M: 8, num_warps: 8, num_ctas: 1, num_stages: 3, maxnreg: None",0.0007286605000444979,0.0008025386498502485,8.241226950527818,0.05494151300351879,73.22925000000001
matmul,"(1024, 1024, 1024)","BLOCK_SIZE_M: 64, BLOCK_SIZE_N: 64, BLOCK_SIZE_K: 32, GROUP_SIZE_M: 8, num_warps: 8, num_ctas: 1, num_stages: 4, maxnreg: None",0.0007350235000558314,0.0007720085500750427,4.05201539728824,0.0270134359819216,43.806000000000004
matmul,"(1024, 1024, 1024)","BLOCK_SIZE_M: 128, BLOCK_SIZE_N: 128, BLOCK_SIZE_K: 32, GROUP_SIZE_M: 8, num_warps: 2, num_ctas: 1, num_stages: 2, maxnreg: None",0.041123979000303734,0.04124868384981255,421.80766170880906,2.812051078058727,68.41349771689497
matmul,"(1024, 1024, 1024)","BLOCK_SIZE_M: 128, BLOCK_SIZE_N: 128, BLOCK_SIZE_K: 32, GROUP_SIZE_M: 8, num_warps: 2, num_ctas: 1, num_stages: 3, maxnreg: None",0.04106536650010639,0.04161673445007636,417.5045894862918,2.783363929908612,67.57256608478804
matmul,"(1024, 1024, 1024)","BLOCK_SIZE_M: 128, BLOCK_SIZE_N: 128, BLOCK_SIZE_K: 32, GROUP_SIZE_M: 8, num_warps: 2, num_ctas: 1, num_stages: 4, maxnreg: None",0.04101519150003696,0.04266560854982798,414.6841977524841,2.764561318349894,67.08489890710382
matmul,"(1024, 1024, 1024)","BLOCK_SIZE_M: 128, BLOCK_SIZE_N: 128, BLOCK_SIZE_K: 32, GROUP_SIZE_M: 8, num_warps: 4, num_ctas: 1, num_stages: 2, maxnreg: None",0.03469732050007224,0.036435541650052986,348.8881334007862,2.3259208893385748,66.70241916167664
matmul,"(1024, 1024, 1024)","BLOCK_SIZE_M: 128, BLOCK_SIZE_N: 128, BLOCK_SIZE_K: 32, GROUP_SIZE_M: 8, num_warps: 4, num_ctas: 1, num_stages: 3, maxnreg: None",0.03468345650003357,0.03479483860030541,347.447321802294,2.31631547868196,66.42765697674419
matmul,"(1024, 1024, 1024)","BLOCK_SIZE_M: 128, BLOCK_SIZE_N: 128, BLOCK_SIZE_K: 32, GROUP_SIZE_M: 8, num_warps: 4, num_ctas: 1, num_stages: 4, maxnreg: None",0.03465965300006246,0.03476124874989637,344.67823927842403,2.2978549285228267,66.46470994475138
matmul,"(1024, 1024, 1024)","BLOCK_SIZE_M: 128, BLOCK_SIZE_N: 128, BLOCK_SIZE_K: 32, GROUP_SIZE_M: 8, num_warps: 8, num_ctas: 1, num_stages: 2, maxnreg: None",0.022294303000080617,0.022982566049904563,222.03214078679608,1.4802142719119737,66.073
matmul,"(1024, 1024, 1024)","BLOCK_SIZE_M: 128, BLOCK_SIZE_N: 128, BLOCK_SIZE_K: 32, GROUP_SIZE_M: 8, num_warps: 8, num_ctas: 1, num_stages: 3, maxnreg: None",0.022267762999945262,0.02232899369980714,220.56588895780692,1.4704392597187128,66.15999545454545
matmul,"(1024, 1024, 1024)","BLOCK_SIZE_M: 128, BLOCK_SIZE_N: 128, BLOCK_SIZE_K: 32, GROUP_SIZE_M: 8, num_warps: 8, num_ctas: 1, num_stages: 4, maxnreg: None",0.022272939999766095,0.02237205570002061,222.06002789004435,1.480400185933629,66.28031603773584
matmul,"(1024, 1024, 1024)","BLOCK_SIZE_M: 64, BLOCK_SIZE_N: 32, BLOCK_SIZE_K: 32, GROUP_SIZE_M: 8, num_warps: 2, num_ctas: 1, num_stages: 2, maxnreg: None",0.0020329715000571014,0.007243283850198158,25.82882354805645,0.17219215698704302,68.47952631578947
matmul,"(1024, 1024, 1024)","BLOCK_SIZE_M: 64, BLOCK_SIZE_N: 32, BLOCK_SIZE_K: 32, GROUP_SIZE_M: 8, num_warps: 2, num_ctas: 1, num_stages: 3, maxnreg: None",0.0020805984997878113,0.0030127164999612425,21.476668301830287,0.14317778867886857,65.09933333333333
matmul,"(1024, 1024, 1024)","BLOCK_SIZE_M: 64, BLOCK_SIZE_N: 32, BLOCK_SIZE_K: 32, GROUP_SIZE_M: 8, num_warps: 2, num_ctas: 1, num_stages: 4, maxnreg: None",0.0020614465001926874,0.002129523400049038,18.295710721246195,0.12197140480830797,61.45711111111112
matmul,"(1024, 1024, 1024)","BLOCK_SIZE_M: 64, BLOCK_SIZE_N: 32, BLOCK_SIZE_K: 32, GROUP_SIZE_M: 8, num_warps: 4, num_ctas: 1, num_stages: 2, maxnreg: None",0.0009636105000936368,0.0010428539999111307,10.219075457580226,0.06812716971720151,71.31469999999999
matmul,"(1024, 1024, 1024)","BLOCK_SIZE_M: 64, BLOCK_SIZE_N: 32, BLOCK_SIZE_K: 32, GROUP_SIZE_M: 8, num_warps: 4, num_ctas: 1, num_stages: 3, maxnreg: None",0.0009663284999987809,0.0010473397000623664,8.372340735498474,0.05581560490332316,57.864
matmul,"(1024, 1024, 1024)","BLOCK_SIZE_M: 64, BLOCK_SIZE_N: 32, BLOCK_SIZE_K: 32, GROUP_SIZE_M: 8, num_warps: 4, num_ctas: 1, num_stages: 4, maxnreg: None",0.0009765560000687401,0.001019585399922107,7.63047767186087,0.05086985114573914,54.644999999999996
matmul,"(1024, 1024, 1024)","BLOCK_SIZE_M: 64, BLOCK_SIZE_N: 32, BLOCK_SIZE_K: 32, GROUP_SIZE_M: 8, num_warps: 8, num_ctas: 1, num_stages: 2, maxnreg: None",0.0010539854997659859,0.001111566850181589,8.783734937062633,0.05855823291375088,56.315545454545465
matmul,"(1024, 1024, 1024)","BLOCK_SIZE_M: 64, BLOCK_SIZE_N: 32, BLOCK_SIZE_K: 32, GROUP_SIZE_M: 8, num_warps: 8, num_ctas: 1, num_stages: 3, maxnreg: None",0.0010547029999088409,0.0011060279497314696,10.901554073971969,0.07267702715981313,68.41236363636364
matmul,"(1024, 1024, 1024)","BLOCK_SIZE_M: 64, BLOCK_SIZE_N: 32, BLOCK_SIZE_K: 32, GROUP_SIZE_M: 8, num_warps: 8, num_ctas: 1, num_stages: 4, maxnreg: None",0.0010442395000609395,0.0010970280500941954,11.369675620211607,0.07579783746807739,74.12781818181818
matmul,"(1024, 1024, 1024)","BLOCK_SIZE_M: 32, BLOCK_SIZE_N: 64, BLOCK_SIZE_K: 32, GROUP_SIZE_M: 8, num_warps: 2, num_ctas: 1, num_stages: 2, maxnreg: None",0.0017804364999847166,0.0018200879497726418,16.285225452269355,0.1085681696817957,62.53470588235295
matmul,"(1024, 1024, 1024)","BLOCK_SIZE_M: 32, BLOCK_SIZE_N: 64, BLOCK_SIZE_K: 32, GROUP_SIZE_M: 8, num_warps: 2, num_ctas: 1, num_stages: 3, maxnreg: None",0.0017788395002753532,0.001821907499925146,15.314481723058092,0.10209654482038728,60.3401111111111
matmul,"(1024, 1024, 1024)","BLOCK_SIZE_M: 32, BLOCK_SIZE_N: 64, BLOCK_SIZE_K: 32, GROUP_SIZE_M: 8, num_warps: 2, num_ctas: 1, num_stages: 4, maxnreg: None",0.0017762570000741107,0.0018096517000003587,19.19562907148129,0.12797086047654194,70.46084210526317
matmul,"(1024, 1024, 1024)","BLOCK_SIZE_M: 32, BLOCK_SIZE_N: 64, BLOCK_SIZE_K: 32, GROUP_SIZE_M: 8, num_warps: 4, num_ctas: 1, num_stages: 2, maxnreg: None",0.0007885710001573898,0.0008256220997736819,6.464209638358563,0.04309473092239042,58.19377777777778
matmul,"(1024, 1024, 1024)","BLOCK_SIZE_M: 32, BLOCK_SIZE_N: 64, BLOCK_SIZE_K: 32, GROUP_SIZE_M: 8, num_warps: 4, num_ctas: 1, num_stages: 3, maxnreg: None",0.0007754665002721595,0.0008191468999257267,7.069612356544415,0.04713074904362943,66.285
matmul,"(1024, 1024, 1024)","BLOCK_SIZE_M: 32, BLOCK_SIZE_N: 64, BLOCK_SIZE_K: 32, GROUP_SIZE_M: 8, num_warps: 4, num_ctas: 1, num_stages: 4, maxnreg: None",0.0007909620001100848,0.0008408778998955313,6.911850171895139,0.046079001145967594,61.91525
matmul,"(1024, 1024, 1024)","BLOCK_SIZE_M: 32, BLOCK_SIZE_N: 64, BLOCK_SIZE_K: 32, GROUP_SIZE_M: 8, num_warps: 8, num_ctas: 1, num_stages: 2, maxnreg: None",0.0009389345000272442,0.0010330861999818806,10.128651849464582,0.06752434566309722,72.43030000000002
matmul,"(1024, 1024, 1024)","BLOCK_SIZE_M: 32, BLOCK_SIZE_N: 64, BLOCK_SIZE_K: 32, GROUP_SIZE_M: 8, num_warps: 8, num_ctas: 1, num_stages: 3, maxnreg: None",0.0009435489998850244,0.0009803395999824715,9.386380578491629,0.06257587052327752,69.1489
matmul,"(1024, 1024, 1024)","BLOCK_SIZE_M: 32, BLOCK_SIZE_N: 64, BLOCK_SIZE_K: 32, GROUP_SIZE_M: 8, num_warps: 8, num_ctas: 1, num_stages: 4, maxnreg: None",0.0009400960000220948,0.0010214777999635772,6.122819177845139,0.0408187945189676,51.18833333333333
matmul,"(1024, 1024, 1024)","BLOCK_SIZE_M: 128, BLOCK_SIZE_N: 64, BLOCK_SIZE_K: 32, GROUP_SIZE_M: 8, num_warps: 2, num_ctas: 1, num_stages: 2, maxnreg: None",0.03453817500007972,0.03463909639990561,346.8606035329243,2.3124040235528285,67.03868767123288
matmul,"(1024, 1024, 1024)","BLOCK_SIZE_M: 128, BLOCK_SIZE_N: 64, BLOCK_SIZE_K: 32, GROUP_SIZE_M: 8, num_warps: 2, num_ctas: 1, num_stages: 3, maxnreg: None",0.03451923450006689,0.034640226850069664,346.0523785236812,2.3070158568245414,66.91021690140845
matmul,"(1024, 1024, 1024)","BLOCK_SIZE_M: 128, BLOCK_SIZE_N: 64, BLOCK_SIZE_K: 32, GROUP_SIZE_M: 8, num_warps: 2, num_ctas: 1, num_stages: 4, maxnreg: None",0.034529993499745615,0.034622865750020534,344.2132794941841,2.2947551966278943,66.51059154929578
matmul,"(1024, 1024, 1024)","BLOCK_SIZE_M: 128, BLOCK_SIZE_N: 64, BLOCK_SIZE_K: 32, GROUP_SIZE_M: 8, num_warps: 4, num_ctas: 1, num_stages: 2, maxnreg: None",0.022691028499821186,0.024708445250143995,228.02993467636944,1.5201995645091295,66.16048022598869
matmul,"(1024, 1024, 1024)","BLOCK_SIZE_M: 128, BLOCK_SIZE_N: 64, BLOCK_SIZE_K: 32, GROUP_SIZE_M: 8, num_warps: 4, num_ctas: 1, num_stages: 3, maxnreg: None",0.022673286999861375,0.02277262035017884,223.1437900813329,1.4876252672088859,65.73676623376625
matmul,"(1024, 1024, 1024)","BLOCK_SIZE_M: 128, BLOCK_SIZE_N: 64, BLOCK_SIZE_K: 32, GROUP_SIZE_M: 8, num_warps: 4, num_ctas: 1, num_stages: 4, maxnreg: None",0.02269994249991214,0.02275262749999456,224.25534588551824,1.4950356392367883,65.79049350649349
matmul,"(1024, 1024, 1024)","BLOCK_SIZE_M: 128, BLOCK_SIZE_N: 64, BLOCK_SIZE_K: 32, GROUP_SIZE_M: 8, num_warps: 8, num_ctas: 1, num_stages: 2, maxnreg: None",0.0019072254999628058,0.0021743780499946254,21.427021657712217,0.14284681105141478,73.27494117647059
matmul,"(1024, 1024, 1024)","BLOCK_SIZE_M: 128, BLOCK_SIZE_N: 64, BLOCK_SIZE_K: 32, GROUP_SIZE_M: 8, num_warps: 8, num_ctas: 1, num_stages: 3, maxnreg: None",0.0018903680002040346,0.0064109400000461345,20.363881357581846,0.13575920905054564,59.61466666666666
matmul,"(1024, 1024, 1024)","BLOCK_SIZE_M: 128, BLOCK_SIZE_N: 64, BLOCK_SIZE_K: 32, GROUP_SIZE_M: 8, num_warps: 8, num_ctas: 1, num_stages: 4, maxnreg: None",0.0018939804999718035,0.0037133902000732622,19.83130591519782,0.1322087061013188,61.86322222222222
matmul,"(2048, 2048, 2048)","BLOCK_SIZE_M: 32, BLOCK_SIZE_N: 32, BLOCK_SIZE_K: 32, GROUP_SIZE_M: 8, num_warps: 2, num_ctas: 1, num_stages: 2, maxnreg: None",0.008195187499950407,0.008461340050348553,81.27624233141661,0.5418416155427774,64.92049999999999
matmul,"(2048, 2048, 2048)","BLOCK_SIZE_M: 32, BLOCK_SIZE_N: 32, BLOCK_SIZE_K: 32, GROUP_SIZE_M: 8, num_warps: 2, num_ctas: 1, num_stages: 3, maxnreg: None",0.008190931499711951,0.0082649583997636,79.11388499831654,0.5274258999887769,64.79275000000001
matmul,"(2048, 2048, 2048)","BLOCK_SIZE_M: 32, BLOCK_SIZE_N: 32, BLOCK_SIZE_K: 32, GROUP_SIZE_M: 8, num_warps: 2, num_ctas: 1, num_stages: 4, maxnreg: None",0.008187651000071128,0.008262522699783403,79.6017309007247,0.5306782060048314,65.43288888888888
matmul,"(2048, 2048, 2048)","BLOCK_SIZE_M: 32, BLOCK_SIZE_N: 32, BLOCK_SIZE_K: 32, GROUP_SIZE_M: 8, num_warps: 4, num_ctas: 1, num_stages: 2, maxnreg: None",0.00825594250022732,0.008522216799860871,81.29692129820442,0.5419794753213628,65.30459340659341
matmul,"(2048, 2048, 2048)","BLOCK_SIZE_M: 32, BLOCK_SIZE_N: 32, BLOCK_SIZE_K: 32, GROUP_SIZE_M: 8, num_warps: 4, num_ctas: 1, num_stages: 3, maxnreg: None",0.008253093499888564,0.008492827150121228,81.88486792104351,0.5458991194736234,66.06236956521741
matmul,"(2048, 2048, 2048)","BLOCK_SIZE_M: 32, BLOCK_SIZE_N: 32, BLOCK_SIZE_K: 32, GROUP_SIZE_M: 8, num_warps: 4, num_ctas: 1, num_stages: 4, maxnreg: None",0.008245460000352978,0.008388063750135188,81.34725065399537,0.5423150043599692,65.71473333333333
matmul,"(2048, 2048, 2048)","BLOCK_SIZE_M: 32, BLOCK_SIZE_N: 32, BLOCK_SIZE_K: 32, GROUP_SIZE_M: 8, num_warps: 8, num_ctas: 1, num_stages: 2, maxnreg: None",0.010175277000143979,0.010425544499889838,99.90825941314944,0.6660550627543296,65.41315178571429
matmul,"(2048, 2048, 2048)","BLOCK_SIZE_M: 32, BLOCK_SIZE_N: 32, BLOCK_SIZE_K: 32, GROUP_SIZE_M: 8, num_warps: 8, num_ctas: 1, num_stages: 3, maxnreg: None",0.010164233000068634,0.012358634550105307,101.75617275462656,0.6783744850308437,65.71405102040815
matmul,"(2048, 2048, 2048)","BLOCK_SIZE_M: 32, BLOCK_SIZE_N: 32, BLOCK_SIZE_K: 32, GROUP_SIZE_M: 8, num_warps: 8, num_ctas: 1, num_stages: 4, maxnreg: None",0.010002440000107526,0.014361265850016024,103.35935479602867,0.6890623653068578,64.9226896551724
matmul,"(2048, 2048, 2048)","BLOCK_SIZE_M: 64, BLOCK_SIZE_N: 64, BLOCK_SIZE_K: 32, GROUP_SIZE_M: 8, num_warps: 2, num_ctas: 1, num_stages: 2, maxnreg: None",0.18759242450028069,0.18786826224998093,1884.0149715958391,12.560099810638928,66.9265413618458
matmul,"(2048, 2048, 2048)","BLOCK_SIZE_M: 64, BLOCK_SIZE_N: 64, BLOCK_SIZE_K: 32, GROUP_SIZE_M: 8, num_warps: 2, num_ctas: 1, num_stages: 3, maxnreg: None",0.18761838950013043,0.18785584434995145,1879.5669845753075,12.530446563835383,66.7451104815864
matmul,"(2048, 2048, 2048)","BLOCK_SIZE_M: 64, BLOCK_SIZE_N: 64, BLOCK_SIZE_K: 32, GROUP_SIZE_M: 8, num_warps: 2, num_ctas: 1, num_stages: 4, maxnreg: None",0.1875881285000105,0.1878984448998608,1873.5502255679676,12.490334837119784,66.53203225806452
matmul,"(2048, 2048, 2048)","BLOCK_SIZE_M: 64, BLOCK_SIZE_N: 64, BLOCK_SIZE_K: 32, GROUP_SIZE_M: 8, num_warps: 4, num_ctas: 1, num_stages: 2, maxnreg: None",0.01604064000002836,0.01613926404997983,159.00750404400137,1.060050026960009,66.03808805031446
matmul,"(2048, 2048, 2048)","BLOCK_SIZE_M: 64, BLOCK_SIZE_N: 64, BLOCK_SIZE_K: 32, GROUP_SIZE_M: 8, num_warps: 4, num_ctas: 1, num_stages: 3, maxnreg: None",0.016024040000047535,0.016111507699997675,158.1830834172293,1.0545538894481954,66.072575
matmul,"(2048, 2048, 2048)","BLOCK_SIZE_M: 64, BLOCK_SIZE_N: 64, BLOCK_SIZE_K: 32, GROUP_SIZE_M: 8, num_warps: 4, num_ctas: 1, num_stages: 4, maxnreg: None",0.016055483499940237,0.020304176000172442,162.34694033679222,1.0823129355786147,65.33186923076923
matmul,"(2048, 2048, 2048)","BLOCK_SIZE_M: 64, BLOCK_SIZE_N: 64, BLOCK_SIZE_K: 32, GROUP_SIZE_M: 8, num_warps: 8, num_ctas: 1, num_stages: 2, maxnreg: None",0.005747437999843896,0.009541153550139821,60.96912509323959,0.4064608339549306,64.88256
matmul,"(2048, 2048, 2048)","BLOCK_SIZE_M: 64, BLOCK_SIZE_N: 64, BLOCK_SIZE_K: 32, GROUP_SIZE_M: 8, num_warps: 8, num_ctas: 1, num_stages: 3, maxnreg: None",0.00582617700024457,0.007469336249846486,58.21050569169478,0.38807003794463185,63.97151724137931
matmul,"(2048, 2048, 2048)","BLOCK_SIZE_M: 64, BLOCK_SIZE_N: 64, BLOCK_SIZE_K: 32, GROUP_SIZE_M: 8, num_warps: 8, num_ctas: 1, num_stages: 4, maxnreg: None",0.005865910499778693,0.00597365465000621,57.8922812669947,0.3859485417799647,66.53160937499999
matmul,"(2048, 2048, 2048)","BLOCK_SIZE_M: 128, BLOCK_SIZE_N: 128, BLOCK_SIZE_K: 32, GROUP_SIZE_M: 8, num_warps: 2, num_ctas: 1, num_stages: 2, maxnreg: None",0.36322878999999375,0.3647504467500312,3633.735082697872,24.224900551319145,66.65244153166421
matmul,"(2048, 2048, 2048)","BLOCK_SIZE_M: 128, BLOCK_SIZE_N: 128, BLOCK_SIZE_K: 32, GROUP_SIZE_M: 8, num_warps: 2, num_ctas: 1, num_stages: 3, maxnreg: None",0.3633106574998237,0.3647517821499832,3621.1522625968623,24.14101508397908,66.43192705882352
matmul,"(2048, 2048, 2048)","BLOCK_SIZE_M: 128, BLOCK_SIZE_N: 128, BLOCK_SIZE_K: 32, GROUP_SIZE_M: 8, num_warps: 2, num_ctas: 1, num_stages: 4, maxnreg: None",0.36319347449989436,0.364699657600022,3623.96915124034,24.159794341602268,66.46352138012385
matmul,"(2048, 2048, 2048)","BLOCK_SIZE_M: 128, BLOCK_SIZE_N: 128, BLOCK_SIZE_K: 32, GROUP_SIZE_M: 8, num_warps: 4, num_ctas: 1, num_stages: 2, maxnreg: None",0.31455489299992223,0.3156953423500909,3141.821729124602,20.945478194164014,66.57213003095974
matmul,"(2048, 2048, 2048)","BLOCK_SIZE_M: 128, BLOCK_SIZE_N: 128, BLOCK_SIZE_K: 32, GROUP_SIZE_M: 8, num_warps: 4, num_ctas: 1, num_stages: 3, maxnreg: None",0.314550849500165,0.3151482266501489,3142.4268972974905,20.949512648649936,66.57450261051166
matmul,"(2048, 2048, 2048)","BLOCK_SIZE_M: 128, BLOCK_SIZE_N: 128, BLOCK_SIZE_K: 32, GROUP_SIZE_M: 8, num_warps: 4, num_ctas: 1, num_stages: 4, maxnreg: None",0.314571298500141,0.3149946117499667,3142.311184233301,20.948741228222005,66.56696558843772
matmul,"(2048, 2048, 2048)","BLOCK_SIZE_M: 128, BLOCK_SIZE_N: 128, BLOCK_SIZE_K: 32, GROUP_SIZE_M: 8, num_warps: 8, num_ctas: 1, num_stages: 2, maxnreg: None",0.20216239899991706,0.20247371454988752,2010.6355313187855,13.40423687545857,66.31065027624308
matmul,"(2048, 2048, 2048)","BLOCK_SIZE_M: 128, BLOCK_SIZE_N: 128, BLOCK_SIZE_K: 32, GROUP_SIZE_M: 8, num_warps: 8, num_ctas: 1, num_stages: 3, maxnreg: None",0.20211425599973154,0.20273600840005201,2017.1360585979187,13.447573723986125,66.51591557734204
matmul,"(2048, 2048, 2048)","BLOCK_SIZE_M: 128, BLOCK_SIZE_N: 128, BLOCK_SIZE_K: 32, GROUP_SIZE_M: 8, num_warps: 8, num_ctas: 1, num_stages: 4, maxnreg: None",0.20216039599995383,0.20249378335020082,2021.4531084969803,13.476354056646535,66.65223110624315
matmul,"(2048, 2048, 2048)","BLOCK_SIZE_M: 64, BLOCK_SIZE_N: 32, BLOCK_SIZE_K: 32, GROUP_SIZE_M: 8, num_warps: 2, num_ctas: 1, num_stages: 2, maxnreg: None",0.01930278949998865,0.021263279350046103,190.8564620023351,1.2723764133489006,65.388908045977
matmul,"(2048, 2048, 2048)","BLOCK_SIZE_M: 64, BLOCK_SIZE_N: 32, BLOCK_SIZE_K: 32, GROUP_SIZE_M: 8, num_warps: 2, num_ctas: 1, num_stages: 3, maxnreg: None",0.01936121550011194,0.021823993750012954,193.1971342217575,1.2879808948117166,65.1068322580645
matmul,"(2048, 2048, 2048)","BLOCK_SIZE_M: 64, BLOCK_SIZE_N: 32, BLOCK_SIZE_K: 32, GROUP_SIZE_M: 8, num_warps: 2, num_ctas: 1, num_stages: 4, maxnreg: None",0.019252363500072533,0.019434373400167716,190.3006363094474,1.2686709087296495,65.86571122994654
matmul,"(2048, 2048, 2048)","BLOCK_SIZE_M: 64, BLOCK_SIZE_N: 32, BLOCK_SIZE_K: 32, GROUP_SIZE_M: 8, num_warps: 4, num_ctas: 1, num_stages: 2, maxnreg: None",0.00719082649993652,0.007327761999954418,71.28829841853148,0.4752553227902099,65.7716125
matmul,"(2048, 2048, 2048)","BLOCK_SIZE_M: 64, BLOCK_SIZE_N: 32, BLOCK_SIZE_K: 32, GROUP_SIZE_M: 8, num_warps: 4, num_ctas: 1, num_stages: 3, maxnreg: None",0.007198068499974397,0.007336406850049571,70.74468794810343,0.4716312529873562,66.1695384615385
matmul,"(2048, 2048, 2048)","BLOCK_SIZE_M: 64, BLOCK_SIZE_N: 32, BLOCK_SIZE_K: 32, GROUP_SIZE_M: 8, num_warps: 4, num_ctas: 1, num_stages: 4, maxnreg: None",0.007282810999868161,0.007427053050128051,71.89480731157687,0.47929871541051244,65.81865432098765
matmul,"(2048, 2048, 2048)","BLOCK_SIZE_M: 64, BLOCK_SIZE_N: 32, BLOCK_SIZE_K: 32, GROUP_SIZE_M: 8, num_warps: 8, num_ctas: 1, num_stages: 2, maxnreg: None",0.008032324999931006,0.008235323599797085,78.54702135717147,0.5236468090478098,65.1254
matmul,"(2048, 2048, 2048)","BLOCK_SIZE_M: 64, BLOCK_SIZE_N: 32, BLOCK_SIZE_K: 32, GROUP_SIZE_M: 8, num_warps: 8, num_ctas: 1, num_stages: 3, maxnreg: None",0.00802952549975089,0.008204018800051926,77.73875170882707,0.5182583447255138,65.36806818181817
matmul,"(2048, 2048, 2048)","BLOCK_SIZE_M: 64, BLOCK_SIZE_N: 32, BLOCK_SIZE_K: 32, GROUP_SIZE_M: 8, num_warps: 8, num_ctas: 1, num_stages: 4, maxnreg: None",0.008042460500064408,0.010390399500170133,80.07956467237142,0.5338637644824761,65.22051351351351
matmul,"(2048, 2048, 2048)","BLOCK_SIZE_M: 32, BLOCK_SIZE_N: 64, BLOCK_SIZE_K: 32, GROUP_SIZE_M: 8, num_warps: 2, num_ctas: 1, num_stages: 2, maxnreg: None",0.015121062499929394,0.019293010950127594,153.2781191059088,1.0218541273727253,65.2721794871795
matmul,"(2048, 2048, 2048)","BLOCK_SIZE_M: 32, BLOCK_SIZE_N: 64, BLOCK_SIZE_K: 32, GROUP_SIZE_M: 8, num_warps: 2, num_ctas: 1, num_stages: 3, maxnreg: None",0.01537632700001268,0.01572496059984587,152.32838742001564,1.0155225828001042,65.86239333333334
matmul,"(2048, 2048, 2048)","BLOCK_SIZE_M: 32, BLOCK_SIZE_N: 64, BLOCK_SIZE_K: 32, GROUP_SIZE_M: 8, num_warps: 2, num_ctas: 1, num_stages: 4, maxnreg: None",0.015364077499725681,0.015458436350036209,151.67301554788997,1.0111534369859332,66.13390728476821
matmul,"(2048, 2048, 2048)","BLOCK_SIZE_M: 32, BLOCK_SIZE_N: 64, BLOCK_SIZE_K: 32, GROUP_SIZE_M: 8, num_warps: 4, num_ctas: 1, num_stages: 2, maxnreg: None",0.006336905500120338,0.006414210649904817,60.95900335582779,0.4063933557055186,64.73118840579708
matmul,"(2048, 2048, 2048)","BLOCK_SIZE_M: 32, BLOCK_SIZE_N: 64, BLOCK_SIZE_K: 32, GROUP_SIZE_M: 8, num_warps: 4, num_ctas: 1, num_stages: 3, maxnreg: None",0.006343510500073535,0.006447097200089046,62.26906099029725,0.41512707326864834,65.52476470588238
matmul,"(2048, 2048, 2048)","BLOCK_SIZE_M: 32, BLOCK_SIZE_N: 64, BLOCK_SIZE_K: 32, GROUP_SIZE_M: 8, num_warps: 4, num_ctas: 1, num_stages: 4, maxnreg: None",0.006337252500088653,0.006507632550005837,63.50944240496865,0.423396282699791,66.72214705882352
matmul,"(2048, 2048, 2048)","BLOCK_SIZE_M: 32, BLOCK_SIZE_N: 64, BLOCK_SIZE_K: 32, GROUP_SIZE_M: 8, num_warps: 8, num_ctas: 1, num_stages: 2, maxnreg: None",0.0073496884999713075,0.007545814249783689,72.18919411065157,0.4812612940710105,65.43
matmul,"(2048, 2048, 2048)","BLOCK_SIZE_M: 32, BLOCK_SIZE_N: 64, BLOCK_SIZE_K: 32, GROUP_SIZE_M: 8, num_warps: 8, num_ctas: 1, num_stages: 3, maxnreg: None",0.007334341499927177,0.007481159699841555,72.72163502823079,0.4848109001882053,66.26451851851851
matmul,"(2048, 2048, 2048)","BLOCK_SIZE_M: 32, BLOCK_SIZE_N: 64, BLOCK_SIZE_K: 32, GROUP_SIZE_M: 8, num_warps: 8, num_ctas: 1, num_stages: 4, maxnreg: None",0.007321070499983762,0.011491763599815377,76.24013073565679,0.508267538237712,65.57404999999999
matmul,"(2048, 2048, 2048)","BLOCK_SIZE_M: 128, BLOCK_SIZE_N: 64, BLOCK_SIZE_K: 32, GROUP_SIZE_M: 8, num_warps: 2, num_ctas: 1, num_stages: 2, maxnreg: None",0.28837714749988663,0.28891202539989536,2886.120521699267,19.240803477995115,66.712871747893
matmul,"(2048, 2048, 2048)","BLOCK_SIZE_M: 128, BLOCK_SIZE_N: 64, BLOCK_SIZE_K: 32, GROUP_SIZE_M: 8, num_warps: 2, num_ctas: 1, num_stages: 3, maxnreg: None",0.28812145649999366,0.2905799277500819,2877.7323365775746,19.1848822438505,66.54303272058823
matmul,"(2048, 2048, 2048)","BLOCK_SIZE_M: 128, BLOCK_SIZE_N: 64, BLOCK_SIZE_K: 32, GROUP_SIZE_M: 8, num_warps: 2, num_ctas: 1, num_stages: 4, maxnreg: None",0.2882255254996835,0.2896792376000576,2880.24647015287,19.20164313435247,66.56519448476051
matmul,"(2048, 2048, 2048)","BLOCK_SIZE_M: 128, BLOCK_SIZE_N: 64, BLOCK_SIZE_K: 32, GROUP_SIZE_M: 8, num_warps: 4, num_ctas: 1, num_stages: 2, maxnreg: None",0.18688649050000095,0.18800624894995507,1868.6170218512893,12.45744681234193,66.63703559322033
matmul,"(2048, 2048, 2048)","BLOCK_SIZE_M: 128, BLOCK_SIZE_N: 64, BLOCK_SIZE_K: 32, GROUP_SIZE_M: 8, num_warps: 4, num_ctas: 1, num_stages: 3, maxnreg: None",0.18685513250034091,0.1870849333500928,1868.50442015083,12.456696134338866,66.603481232493
matmul,"(2048, 2048, 2048)","BLOCK_SIZE_M: 128, BLOCK_SIZE_N: 64, BLOCK_SIZE_K: 32, GROUP_SIZE_M: 8, num_warps: 4, num_ctas: 1, num_stages: 4, maxnreg: None",0.1868542415002139,0.1883649449501263,1867.6335390150798,12.450890260100532,66.54911698537683
matmul,"(2048, 2048, 2048)","BLOCK_SIZE_M: 128, BLOCK_SIZE_N: 64, BLOCK_SIZE_K: 32, GROUP_SIZE_M: 8, num_warps: 8, num_ctas: 1, num_stages: 2, maxnreg: None",0.015262325000094279,0.015530216199886126,150.7240178416488,1.0048267856109918,65.79203773584904
matmul,"(2048, 2048, 2048)","BLOCK_SIZE_M: 128, BLOCK_SIZE_N: 64, BLOCK_SIZE_K: 32, GROUP_SIZE_M: 8, num_warps: 8, num_ctas: 1, num_stages: 3, maxnreg: None",0.015246453999907317,0.015497011400066185,150.262028274677,1.0017468551645132,65.91632258064516
matmul,"(2048, 2048, 2048)","BLOCK_SIZE_M: 128, BLOCK_SIZE_N: 64, BLOCK_SIZE_K: 32, GROUP_SIZE_M: 8, num_warps: 8, num_ctas: 1, num_stages: 4, maxnreg: None",0.01526231499997266,0.015605244150083308,150.85981496019616,1.005732099734641,65.58669387755101
matmul,"(4096, 4096, 4096)","BLOCK_SIZE_M: 32, BLOCK_SIZE_N: 32, BLOCK_SIZE_K: 32, GROUP_SIZE_M: 8, num_warps: 2, num_ctas: 1, num_stages: 2, maxnreg: None",0.06345719299997654,0.06464998405024289,630.4355193355217,4.2029034622368115,66.00463157894737
matmul,"(4096, 4096, 4096)","BLOCK_SIZE_M: 32, BLOCK_SIZE_N: 32, BLOCK_SIZE_K: 32, GROUP_SIZE_M: 8, num_warps: 2, num_ctas: 1, num_stages: 3, maxnreg: None",0.06333522850013651,0.06465249740017498,628.6263998673894,4.190842665782596,65.94582764227641
matmul,"(4096, 4096, 4096)","BLOCK_SIZE_M: 32, BLOCK_SIZE_N: 32, BLOCK_SIZE_K: 32, GROUP_SIZE_M: 8, num_warps: 2, num_ctas: 1, num_stages: 4, maxnreg: None",0.06312906249991102,0.06403743655002928,625.4690656045207,4.1697937706968045,65.88594303797468
matmul,"(4096, 4096, 4096)","BLOCK_SIZE_M: 32, BLOCK_SIZE_N: 32, BLOCK_SIZE_K: 32, GROUP_SIZE_M: 8, num_warps: 4, num_ctas: 1, num_stages: 2, maxnreg: None",0.06473464949999652,0.06514419350007757,636.6493310831823,4.244328873887882,65.60308297567953
matmul,"(4096, 4096, 4096)","BLOCK_SIZE_M: 32, BLOCK_SIZE_N: 32, BLOCK_SIZE_K: 32, GROUP_SIZE_M: 8, num_warps: 4, num_ctas: 1, num_stages: 3, maxnreg: None",0.06474073550020876,0.06520567285001562,637.4370253060421,4.249580168706947,65.668403125
matmul,"(4096, 4096, 4096)","BLOCK_SIZE_M: 32, BLOCK_SIZE_N: 32, BLOCK_SIZE_K: 32, GROUP_SIZE_M: 8, num_warps: 4, num_ctas: 1, num_stages: 4, maxnreg: None",0.06475158550006199,0.06524933874968611,637.7976512119808,4.2519843414132055,65.66710601265822
matmul,"(4096, 4096, 4096)","BLOCK_SIZE_M: 32, BLOCK_SIZE_N: 32, BLOCK_SIZE_K: 32, GROUP_SIZE_M: 8, num_warps: 8, num_ctas: 1, num_stages: 2, maxnreg: None",0.07832902749987625,0.07946404489996439,777.2767839703965,5.18184522646931,66.04086090225564
matmul,"(4096, 4096, 4096)","BLOCK_SIZE_M: 32, BLOCK_SIZE_N: 32, BLOCK_SIZE_K: 32, GROUP_SIZE_M: 8, num_warps: 8, num_ctas: 1, num_stages: 3, maxnreg: None",0.07842673750019458,0.07920708450005805,775.5159654559827,5.170106436373218,65.90004596273292
matmul,"(4096, 4096, 4096)","BLOCK_SIZE_M: 32, BLOCK_SIZE_N: 32, BLOCK_SIZE_K: 32, GROUP_SIZE_M: 8, num_warps: 8, num_ctas: 1, num_stages: 4, maxnreg: None",0.07843585449995771,0.0792714954998928,778.9651004454124,5.193100669636083,66.2452832929782
matmul,"(4096, 4096, 4096)","BLOCK_SIZE_M: 64, BLOCK_SIZE_N: 64, BLOCK_SIZE_K: 32, GROUP_SIZE_M: 8, num_warps: 2, num_ctas: 1, num_stages: 2, maxnreg: None",1.521889018499678,1.5226926093503153,15239.574021870074,101.59716014580049,66.75324555257914
matmul,"(4096, 4096, 4096)","BLOCK_SIZE_M: 64, BLOCK_SIZE_N: 64, BLOCK_SIZE_K: 32, GROUP_SIZE_M: 8, num_warps: 2, num_ctas: 1, num_stages: 3, maxnreg: None",1.5224905289996968,1.5235654672999317,15220.618772209662,101.47079181473109,66.64301503290612
matmul,"(4096, 4096, 4096)","BLOCK_SIZE_M: 64, BLOCK_SIZE_N: 64, BLOCK_SIZE_K: 32, GROUP_SIZE_M: 8, num_warps: 2, num_ctas: 1, num_stages: 4, maxnreg: None",1.5226525980001497,1.5241231341503407,15234.741045362043,101.56494030241362,66.69822438284373
matmul,"(4096, 4096, 4096)","BLOCK_SIZE_M: 64, BLOCK_SIZE_N: 64, BLOCK_SIZE_K: 32, GROUP_SIZE_M: 8, num_warps: 4, num_ctas: 1, num_stages: 2, maxnreg: None",0.13528299400013566,0.13580795394968845,1341.643031745753,8.94428687830502,66.05315637216576
matmul,"(4096, 4096, 4096)","BLOCK_SIZE_M: 64, BLOCK_SIZE_N: 64, BLOCK_SIZE_K: 32, GROUP_SIZE_M: 8, num_warps: 4, num_ctas: 1, num_stages: 3, maxnreg: None",0.13526477649975277,0.1355659698492218,1341.5539742957728,8.943693161971819,66.06249181547619
matmul,"(4096, 4096, 4096)","BLOCK_SIZE_M: 64, BLOCK_SIZE_N: 64, BLOCK_SIZE_K: 32, GROUP_SIZE_M: 8, num_warps: 4, num_ctas: 1, num_stages: 4, maxnreg: None",0.13528049500018824,0.1375814726995941,1344.65478105146,8.964365207009735,66.0828068803753
matmul,"(4096, 4096, 4096)","BLOCK_SIZE_M: 64, BLOCK_SIZE_N: 64, BLOCK_SIZE_K: 32, GROUP_SIZE_M: 8, num_warps: 8, num_ctas: 1, num_stages: 2, maxnreg: None",0.04804775750017143,0.04839864874988962,472.6658755354621,3.1511058369030804,65.62458607350096
matmul,"(4096, 4096, 4096)","BLOCK_SIZE_M: 64, BLOCK_SIZE_N: 64, BLOCK_SIZE_K: 32, GROUP_SIZE_M: 8, num_warps: 8, num_ctas: 1, num_stages: 3, maxnreg: None",0.048096529999384074,0.04952277574989239,474.5603578262569,3.163735718841713,65.5806570155902
matmul,"(4096, 4096, 4096)","BLOCK_SIZE_M: 64, BLOCK_SIZE_N: 64, BLOCK_SIZE_K: 32, GROUP_SIZE_M: 8, num_warps: 8, num_ctas: 1, num_stages: 4, maxnreg: None",0.04800288900014493,0.049011191249746844,472.08145299682735,3.1472096866455157,65.56901386138614
matmul,"(4096, 4096, 4096)","BLOCK_SIZE_M: 128, BLOCK_SIZE_N: 128, BLOCK_SIZE_K: 32, GROUP_SIZE_M: 8, num_warps: 8, num_ctas: 1, num_stages: 2, maxnreg: None",1.659774014499817,1.6634431617006613,16606.64587336377,110.7109724890918,66.7140079133424
matmul,"(4096, 4096, 4096)","BLOCK_SIZE_M: 128, BLOCK_SIZE_N: 128, BLOCK_SIZE_K: 32, GROUP_SIZE_M: 8, num_warps: 8, num_ctas: 1, num_stages: 3, maxnreg: None",1.659891112999503,1.661972007000213,16629.20585363926,110.86137235759507,66.79237667986756
matmul,"(4096, 4096, 4096)","BLOCK_SIZE_M: 128, BLOCK_SIZE_N: 128, BLOCK_SIZE_K: 32, GROUP_SIZE_M: 8, num_warps: 8, num_ctas: 1, num_stages: 4, maxnreg: None",1.6599570919993312,1.6620508569499635,16625.720080568743,110.83813387045828,66.77030781727208
matmul,"(4096, 4096, 4096)","BLOCK_SIZE_M: 64, BLOCK_SIZE_N: 32, BLOCK_SIZE_K: 32, GROUP_SIZE_M: 8, num_warps: 2, num_ctas: 1, num_stages: 2, maxnreg: None",0.18048462849992575,0.1819509728995399,1801.4760210093218,12.009840140062146,66.51241652892561
matmul,"(4096, 4096, 4096)","BLOCK_SIZE_M: 64, BLOCK_SIZE_N: 32, BLOCK_SIZE_K: 32, GROUP_SIZE_M: 8, num_warps: 2, num_ctas: 1, num_stages: 3, maxnreg: None",0.18053248800015353,0.18107699760003015,1804.1284185526533,12.027522790351021,66.604789415656
matmul,"(4096, 4096, 4096)","BLOCK_SIZE_M: 64, BLOCK_SIZE_N: 32, BLOCK_SIZE_K: 32, GROUP_SIZE_M: 8, num_warps: 2, num_ctas: 1, num_stages: 4, maxnreg: None",0.18057105150001007,0.18095262174997515,1809.4826842312814,12.063217894875208,66.8001393034826
matmul,"(4096, 4096, 4096)","BLOCK_SIZE_M: 64, BLOCK_SIZE_N: 32, BLOCK_SIZE_K: 32, GROUP_SIZE_M: 8, num_warps: 4, num_ctas: 1, num_stages: 2, maxnreg: None",0.06679436850026832,0.06824968999985685,656.0673465720621,4.373782310480414,65.50739682539682
matmul,"(4096, 4096, 4096)","BLOCK_SIZE_M: 64, BLOCK_SIZE_N: 32, BLOCK_SIZE_K: 32, GROUP_SIZE_M: 8, num_warps: 4, num_ctas: 1, num_stages: 3, maxnreg: None",0.06656900200005111,0.06796455299968329,653.339708611002,4.35559805740668,65.28628229665071
matmul,"(4096, 4096, 4096)","BLOCK_SIZE_M: 64, BLOCK_SIZE_N: 32, BLOCK_SIZE_K: 32, GROUP_SIZE_M: 8, num_warps: 4, num_ctas: 1, num_stages: 4, maxnreg: None",0.06625937099988732,0.06715657360036857,649.3418197806595,4.328945465204397,65.37780659670166
matmul,"(4096, 4096, 4096)","BLOCK_SIZE_M: 64, BLOCK_SIZE_N: 32, BLOCK_SIZE_K: 32, GROUP_SIZE_M: 8, num_warps: 8, num_ctas: 1, num_stages: 2, maxnreg: None",0.06939753300002849,0.07059444969995639,682.2280154560037,4.548186769706692,65.55199014084508
matmul,"(4096, 4096, 4096)","BLOCK_SIZE_M: 64, BLOCK_SIZE_N: 32, BLOCK_SIZE_K: 32, GROUP_SIZE_M: 8, num_warps: 8, num_ctas: 1, num_stages: 3, maxnreg: None",0.0691153385000689,0.07070848395001121,681.5768019838016,4.543845346558677,65.57393504531721
matmul,"(4096, 4096, 4096)","BLOCK_SIZE_M: 64, BLOCK_SIZE_N: 32, BLOCK_SIZE_K: 32, GROUP_SIZE_M: 8, num_warps: 8, num_ctas: 1, num_stages: 4, maxnreg: None",0.0688726164999025,0.07036553004986672,679.8647286239714,4.532431524159809,65.68475304878048
matmul,"(4096, 4096, 4096)","BLOCK_SIZE_M: 32, BLOCK_SIZE_N: 64, BLOCK_SIZE_K: 32, GROUP_SIZE_M: 8, num_warps: 2, num_ctas: 1, num_stages: 2, maxnreg: None",0.14790139050001017,0.14858515310015719,1467.9480541798735,9.786320361199156,66.17659619306595
matmul,"(4096, 4096, 4096)","BLOCK_SIZE_M: 32, BLOCK_SIZE_N: 64, BLOCK_SIZE_K: 32, GROUP_SIZE_M: 8, num_warps: 2, num_ctas: 1, num_stages: 3, maxnreg: None",0.1485001459996056,0.1490038966499469,1459.369456953635,9.729129713024234,65.54668452380952
matmul,"(4096, 4096, 4096)","BLOCK_SIZE_M: 32, BLOCK_SIZE_N: 64, BLOCK_SIZE_K: 32, GROUP_SIZE_M: 8, num_warps: 2, num_ctas: 1, num_stages: 4, maxnreg: None",0.14852305750036976,0.14989953094977862,1462.0244447983923,9.746829631989282,65.54877466759973
matmul,"(4096, 4096, 4096)","BLOCK_SIZE_M: 32, BLOCK_SIZE_N: 64, BLOCK_SIZE_K: 32, GROUP_SIZE_M: 8, num_warps: 4, num_ctas: 1, num_stages: 2, maxnreg: None",0.05001271200035262,0.05106414654983382,494.5693178655447,3.297128785770298,65.6812754491018
matmul,"(4096, 4096, 4096)","BLOCK_SIZE_M: 32, BLOCK_SIZE_N: 64, BLOCK_SIZE_K: 32, GROUP_SIZE_M: 8, num_warps: 4, num_ctas: 1, num_stages: 3, maxnreg: None",0.05002953350003736,0.05111710750015845,492.63670261824035,3.284244684121602,65.3649391634981
matmul,"(4096, 4096, 4096)","BLOCK_SIZE_M: 32, BLOCK_SIZE_N: 64, BLOCK_SIZE_K: 32, GROUP_SIZE_M: 8, num_warps: 4, num_ctas: 1, num_stages: 4, maxnreg: None",0.04996603450035764,0.05191591064958629,493.8629658576974,3.2924197723846493,65.61238683127573
matmul,"(4096, 4096, 4096)","BLOCK_SIZE_M: 32, BLOCK_SIZE_N: 64, BLOCK_SIZE_K: 32, GROUP_SIZE_M: 8, num_warps: 8, num_ctas: 1, num_stages: 2, maxnreg: None",0.05860750299962092,0.05931156229962653,580.5848706625869,3.870565804417246,65.99595956454121
matmul,"(4096, 4096, 4096)","BLOCK_SIZE_M: 32, BLOCK_SIZE_N: 64, BLOCK_SIZE_K: 32, GROUP_SIZE_M: 8, num_warps: 8, num_ctas: 1, num_stages: 3, maxnreg: None",0.05814927000028547,0.059486534050074626,579.6498924830687,3.8643326165537912,66.10667993079585
matmul,"(4096, 4096, 4096)","BLOCK_SIZE_M: 32, BLOCK_SIZE_N: 64, BLOCK_SIZE_K: 32, GROUP_SIZE_M: 8, num_warps: 8, num_ctas: 1, num_stages: 4, maxnreg: None",0.05804341349994502,0.05932802445036031,577.7975992217343,3.851983994811562,66.14970973451327
matmul,"(4096, 4096, 4096)","BLOCK_SIZE_M: 128, BLOCK_SIZE_N: 64, BLOCK_SIZE_K: 32, GROUP_SIZE_M: 8, num_warps: 8, num_ctas: 1, num_stages: 2, maxnreg: None",0.12818173300001945,0.12846728895033266,1271.1771835286909,8.474514556857939,66.07536943164362
matmul,"(4096, 4096, 4096)","BLOCK_SIZE_M: 128, BLOCK_SIZE_N: 64, BLOCK_SIZE_K: 32, GROUP_SIZE_M: 8, num_warps: 8, num_ctas: 1, num_stages: 3, maxnreg: None",0.1287916864998806,0.129402994649854,1270.515805555552,8.470105370370348,65.75956382978723
matmul,"(4096, 4096, 4096)","BLOCK_SIZE_M: 128, BLOCK_SIZE_N: 64, BLOCK_SIZE_K: 32, GROUP_SIZE_M: 8, num_warps: 8, num_ctas: 1, num_stages: 4, maxnreg: None",0.12900616500019169,0.1294400918005522,1275.798504509693,8.505323363397952,65.7898997632202
fused_attention,"(2, 8, 512, 64)","BLOCK_M: 64, BLOCK_N: 32, num_warps: 4, num_ctas: 1, num_stages: 3, maxnreg: None",0.0008709080002518022,0.0009514231497632863,7.10372493218601,0.0473581662145734,57.36577777777778
fused_attention,"(2, 8, 512, 64)","BLOCK_M: 64, BLOCK_N: 32, num_warps: 4, num_ctas: 1, num_stages: 4, maxnreg: None",0.0008615950000603334,0.0009392774499247025,6.257181370053356,0.04171454246702237,52.647333333333336
fused_attention,"(2, 8, 512, 64)","BLOCK_M: 64, BLOCK_N: 32, num_warps: 8, num_ctas: 1, num_stages: 3, maxnreg: None",0.0005873059999430552,0.0006543596000938123,4.5295969300603245,0.03019731286706883,55.99928571428571
fused_attention,"(2, 8, 512, 64)","BLOCK_M: 64, BLOCK_N: 32, num_warps: 8, num_ctas: 1, num_stages: 4, maxnreg: None",0.0005946579999545065,0.0006435550996684469,4.153980921157041,0.02769320614104694,52.37685714285714
fused_attention,"(2, 8, 512, 64)","BLOCK_M: 64, BLOCK_N: 64, num_warps: 4, num_ctas: 1, num_stages: 3, maxnreg: None",0.004126528000142571,0.006615525500228612,44.68558149071689,0.2979038766047793,67.34448648648649
fused_attention,"(2, 8, 512, 64)","BLOCK_M: 64, BLOCK_N: 64, num_warps: 4, num_ctas: 1, num_stages: 4, maxnreg: None",0.0041277980003542325,0.006260073349812953,44.18365714834163,0.29455771432227756,66.76174285714288
fused_attention,"(2, 8, 512, 64)","BLOCK_M: 64, BLOCK_N: 64, num_warps: 8, num_ctas: 1, num_stages: 3, maxnreg: None",0.0015452464995178161,0.0038713823999387323,9.311320156758686,0.06207546771172458,41.20707142857143
fused_attention,"(2, 8, 512, 64)","BLOCK_M: 64, BLOCK_N: 64, num_warps: 8, num_ctas: 1, num_stages: 4, maxnreg: None",0.0009743274995344109,0.0010771356002805988,5.472497882524923,0.03648331921683282,39.38581818181819
fused_attention,"(2, 8, 512, 64)","BLOCK_M: 128, BLOCK_N: 64, num_warps: 4, num_ctas: 1, num_stages: 3, maxnreg: None",0.007636400499904994,0.009174975650284977,75.75328777368003,0.5050219184912002,64.48082926829268
fused_attention,"(2, 8, 512, 64)","BLOCK_M: 128, BLOCK_N: 64, num_warps: 4, num_ctas: 1, num_stages: 4, maxnreg: None",0.00763671099957719,0.009124984450045304,75.17850335528544,0.5011900223685696,65.02135802469135
fused_attention,"(2, 8, 512, 64)","BLOCK_M: 128, BLOCK_N: 64, num_warps: 8, num_ctas: 1, num_stages: 3, maxnreg: None",0.004614562500137254,0.004693446899773334,46.839294984238336,0.3122619665615889,67.69189583333333
fused_attention,"(2, 8, 512, 64)","BLOCK_M: 128, BLOCK_N: 64, num_warps: 8, num_ctas: 1, num_stages: 4, maxnreg: None",0.0046373225004572305,0.005419874999961394,42.43106424311908,0.28287376162079386,60.24767346938774
fused_attention,"(2, 8, 1024, 64)","BLOCK_M: 64, BLOCK_N: 32, num_warps: 4, num_ctas: 1, num_stages: 3, maxnreg: None",0.0029050689995528955,0.0030440346996783775,29.520626966586413,0.19680417977724274,66.9563125
fused_attention,"(2, 8, 1024, 64)","BLOCK_M: 64, BLOCK_N: 32, num_warps: 4, num_ctas: 1, num_stages: 4, maxnreg: None",0.0028991184999540565,0.003107972650241208,29.459309715115165,0.19639539810076775,66.98336666666667
fused_attention,"(2, 8, 1024, 64)","BLOCK_M: 64, BLOCK_N: 32, num_warps: 8, num_ctas: 1, num_stages: 3, maxnreg: None",0.0019589039998209046,0.002038984500040897,18.8819044408581,0.125879362939054,66.137
fused_attention,"(2, 8, 1024, 64)","BLOCK_M: 64, BLOCK_N: 32, num_warps: 8, num_ctas: 1, num_stages: 4, maxnreg: None",0.0019725580000340415,0.002297292749835827,19.78067138925336,0.1318711425950224,68.01766666666666
fused_attention,"(2, 8, 1024, 64)","BLOCK_M: 64, BLOCK_N: 64, num_warps: 4, num_ctas: 1, num_stages: 3, maxnreg: None",0.015087865000168676,0.017988678200163102,153.56046588204993,1.023736439213666,66.03674576271186
fused_attention,"(2, 8, 1024, 64)","BLOCK_M: 64, BLOCK_N: 64, num_warps: 4, num_ctas: 1, num_stages: 4, maxnreg: None",0.015064786500261107,0.01724724950017844,153.60128475154056,1.0240085650102704,66.51057246376811
fused_attention,"(2, 8, 1024, 64)","BLOCK_M: 64, BLOCK_N: 64, num_warps: 8, num_ctas: 1, num_stages: 3, maxnreg: None",0.0022454094996646745,0.0023681764005232253,22.792564553402087,0.1519504303560139,67.56692
fused_attention,"(2, 8, 1024, 64)","BLOCK_M: 64, BLOCK_N: 64, num_warps: 8, num_ctas: 1, num_stages: 4, maxnreg: None",0.002233789500223793,0.002334002649922695,22.78692475327904,0.15191283168852696,67.70984615384614
fused_attention,"(2, 8, 1024, 64)","BLOCK_M: 128, BLOCK_N: 64, num_warps: 4, num_ctas: 1, num_stages: 3, maxnreg: None",0.02598240099996474,0.026095477350281726,258.6572343445613,1.7243815622970753,66.28951867219918
fused_attention,"(2, 8, 1024, 64)","BLOCK_M: 128, BLOCK_N: 64, num_warps: 4, num_ctas: 1, num_stages: 4, maxnreg: None",0.026014812500307016,0.026170837949803172,257.01757345244675,1.7134504896829783,65.95465306122449
fused_attention,"(2, 8, 1024, 64)","BLOCK_M: 128, BLOCK_N: 64, num_warps: 8, num_ctas: 1, num_stages: 3, maxnreg: None",0.016256624000106967,0.019739897700173953,163.0403877465941,1.0869359183106273,65.348568
fused_attention,"(2, 8, 1024, 64)","BLOCK_M: 128, BLOCK_N: 64, num_warps: 8, num_ctas: 1, num_stages: 4, maxnreg: None",0.016250158500042744,0.017526586699887044,161.89318000584478,1.0792878667056318,65.85474647887325
fused_attention,"(2, 8, 2048, 64)","BLOCK_M: 64, BLOCK_N: 32, num_warps: 4, num_ctas: 1, num_stages: 3, maxnreg: None",0.011580806500205654,0.011933007599827761,113.2096701084038,0.7547311340560253,65.3702389380531
fused_attention,"(2, 8, 2048, 64)","BLOCK_M: 64, BLOCK_N: 32, num_warps: 4, num_ctas: 1, num_stages: 4, maxnreg: None",0.011559276999832946,0.01208138700026211,113.1591817806436,0.7543945452042907,65.04524324324326
fused_attention,"(2, 8, 2048, 64)","BLOCK_M: 64, BLOCK_N: 32, num_warps: 8, num_ctas: 1, num_stages: 3, maxnreg: None",0.007273702500242507,0.007426267550226839,73.39302299634875,0.4892868199756583,67.16585185185185
fused_attention,"(2, 8, 2048, 64)","BLOCK_M: 64, BLOCK_N: 32, num_warps: 8, num_ctas: 1, num_stages: 4, maxnreg: None",0.007275789500454266,0.007443122049517114,73.0052819478843,0.486701879652562,67.14366666666668
fused_attention,"(2, 8, 2048, 64)","BLOCK_M: 64, BLOCK_N: 64, num_warps: 4, num_ctas: 1, num_stages: 3, maxnreg: None",0.058064786499471666,0.059635595549934806,577.1161870959361,3.8474412473062407,66.07558531746032
fused_attention,"(2, 8, 2048, 64)","BLOCK_M: 64, BLOCK_N: 64, num_warps: 4, num_ctas: 1, num_stages: 4, maxnreg: None",0.05800079499977073,0.0584455749996323,579.8165936175142,3.8654439574500943,66.5840450281426
fused_attention,"(2, 8, 2048, 64)","BLOCK_M: 64, BLOCK_N: 64, num_warps: 8, num_ctas: 1, num_stages: 3, maxnreg: None",0.008086258500043186,0.012376169499930256,86.24574020758554,0.5749716013839036,66.98442857142857
fused_attention,"(2, 8, 2048, 64)","BLOCK_M: 64, BLOCK_N: 64, num_warps: 8, num_ctas: 1, num_stages: 4, maxnreg: None",0.008092322000265995,0.008292029700305648,79.98416421780733,0.5332277614520489,66.32030681818182
fused_attention,"(2, 8, 2048, 64)","BLOCK_M: 128, BLOCK_N: 64, num_warps: 4, num_ctas: 1, num_stages: 3, maxnreg: None",0.0959922685001402,0.0964319129004707,962.1481052646519,6.414320701764346,66.77193763919821
fused_attention,"(2, 8, 2048, 64)","BLOCK_M: 128, BLOCK_N: 64, num_warps: 4, num_ctas: 1, num_stages: 4, maxnreg: None",0.09584433100008027,0.0963558389497848,961.342421011763,6.408949473411753,66.76486419753087
fused_attention,"(2, 8, 2048, 64)","BLOCK_M: 128, BLOCK_N: 64, num_warps: 8, num_ctas: 1, num_stages: 3, maxnreg: None",0.06029773650016068,0.061630001900266504,604.5781756334972,4.030521170889981,66.69356022944551
fused_attention,"(2, 8, 2048, 64)","BLOCK_M: 128, BLOCK_N: 64, num_warps: 8, num_ctas: 1, num_stages: 4, maxnreg: None",0.06027191200018933,0.060550746349736076,600.2103421910263,4.001402281273508,66.38833448275861
